vacancy_id,vacancy_name,token
992,آبشار,QZNZ_Zwk
907,آبشار تهران,QZZNrFSH
907,آبشار تهران,QZxtHuAg
907,آبشار تهران,QZ2Jru6B
907,آبشار تهران,QZdJbZ2W
907,آبشار تهران,QZxJ8blK
907,آبشار تهران,QZ2d9PxF
907,آبشار تهران,QZD-UXCT
907,آبشار تهران,QZF-PBBs
907,آبشار تهران,QZF69-m2
907,آبشار تهران,QZKYu0dW
907,آبشار تهران,QZVtgc2Z
907,آبشار تهران,QZFubaqZ
907,آبشار تهران,QZFarG2J
907,آبشار تهران,QZFqZz5-
907,آبشار تهران,QZfdD5m5
907,آبشار تهران,QZFOp-Uu
907,آبشار تهران,QZ3pwn19
907,آبشار تهران,QZFSYky8
907,آبشار تهران,QZ7Nx7rA
907,آبشار تهران,QZtZtdUY
907,آبشار تهران,QZ9NVk9q
907,آبشار تهران,QZFSEdta
907,آبشار تهران,QZq9TIYv
907,آبشار تهران,QZF2D-Ws
907,آبشار تهران,QZ090phH
907,آبشار تهران,QZF6SaA4
907,آبشار تهران,QZrNZnoH
907,آبشار تهران,QZ9J-7W5
907,آبشار تهران,QZe9_QIV
907,آبشار تهران,QZE2xqQf
907,آبشار تهران,QZrxkRB2
907,آبشار تهران,QZEa0ZML
907,آبشار تهران,QZEGxnGy
907,آبشار تهران,QZEiQHgs
907,آبشار تهران,QZ5VXZb2
907,آبشار تهران,QZECg0RH
907,آبشار تهران,QZ3NOTm9
907,آبشار تهران,QZDuOZTg
907,آبشار تهران,QZllfBEL
907,آبشار تهران,QZzNkW2j
907,آبشار تهران,QZDGrraU
907,آبشار تهران,QZD2qAcP
907,آبشار تهران,QZudNq1h
907,آبشار تهران,QZDmk4kF
907,آبشار تهران,QZDaj2jz
907,آبشار تهران,QZmlT8le
907,آبشار تهران,QZDqBI06
907,آبشار تهران,QZCivdU7
907,آبشار تهران,QZDygiSy
907,آبشار تهران,QZtN5oFG
907,آبشار تهران,QZCOe2Xn
907,آبشار تهران,QZCGevJc
907,آبشار تهران,QZCa9vrW
907,آبشار تهران,QZCusB7X
907,آبشار تهران,QZCa7TiD
907,آبشار تهران,QZCyqcVH
907,آبشار تهران,QZCe65b6
907,آبشار تهران,QZCSabl_
907,آبشار تهران,QZctln0k
907,آبشار تهران,QZAGleZg
907,آبشار تهران,QZ1p9rtL
907,آبشار تهران,QZZ1arrw
907,آبشار تهران,QZBOvas2
907,آبشار تهران,QZBqP8As
907,آبشار تهران,QZBazSL8
907,آبشار تهران,QZBmOg4H
907,آبشار تهران,QZBWsdI_
907,آبشار تهران,QZBG80CE
907,آبشار تهران,QZgBLJ2Y
907,آبشار تهران,QZBCqIht
907,آبشار تهران,QZB2Zxok
907,آبشار تهران,QZ4hRV67
907,آبشار تهران,QZByIbv8
907,آبشار تهران,QZqJuuW-
907,آبشار تهران,QZBiX-82
907,آبشار تهران,QZBe2eFw
907,آبشار تهران,QZB6FrAV
907,آبشار تهران,QZBKV7xM
907,آبشار تهران,QZiRfq0w
907,آبشار تهران,QZfxhhwU
907,آبشار تهران,QZaVy0bL
907,آبشار تهران,QZ3ZD7XO
907,آبشار تهران,QZrNTt_Y
907,آبشار تهران,QZBiTKUl
907,آبشار تهران,QZBGj-l_
907,آبشار تهران,QZAiJVNE
907,آبشار تهران,QZAG5WoW
907,آبشار تهران,QZqxhb1p
907,آبشار تهران,QZYJVhJq
907,آبشار تهران,QZY1EiMY
907,آبشار تهران,QZAqGse9
907,آبشار تهران,QZAiGKej
907,آبشار تهران,QZA2V_lT
907,آبشار تهران,QZAqlRah
907,آبشار تهران,QZASFAFp
907,آبشار تهران,QZAG1WzF
907,آبشار تهران,QZs9G0td
907,آبشار تهران,QZt5oTT1
907,آبشار تهران,QZp94M6X
907,آبشار تهران,QZppJBqC
907,آبشار تهران,QZAWks1f
907,آبشار تهران,QZASkMv3
907,آبشار تهران,QZA6DBiV
907,آبشار تهران,QZutN2k6
907,آبشار تهران,QZAWgkiJ
907,آبشار تهران,QZV09dDq
907,آبشار تهران,QZ_xEuPV
907,آبشار تهران,QZ2VAs3X
907,آبشار تهران,QZl5IcSY
907,آبشار تهران,QZ_B0-8A
907,آبشار تهران,QZ_ZSRbt
907,آبشار تهران,QZ_JQhUO
907,آبشار تهران,QZf96-uz
907,آبشار تهران,QZwtDetD
907,آبشار تهران,QZc5lmci
907,آبشار تهران,QZ-t8POx
907,آبشار تهران,QZjFlg4N
907,آبشار تهران,QZVJ8Q5D
907,آبشار تهران,QZ9Rvip2
907,آبشار تهران,QZ9NsUQ6
907,آبشار تهران,QZ9Vqscs
907,آبشار تهران,QZURsBcq
907,آبشار تهران,QZ9J4Jqr
907,آبشار تهران,QZ9dnIU9
907,آبشار تهران,QZ9RmFUW
907,آبشار تهران,QZ9dFUj7
907,آبشار تهران,QZ9RlIe-
907,آبشار تهران,QZ59YwIW
907,آبشار تهران,QZolOXay
907,آبشار تهران,QZ89ZOiI
907,آبشار تهران,QZ8JZcqS
907,آبشار تهران,QZ1VYtjm
907,آبشار تهران,QZktaZRF
907,آبشار تهران,QZiJgN0N
907,آبشار تهران,QZ8N20by
907,آبشار تهران,QZtZ5B79
907,آبشار تهران,QZw9zJKG
907,آبشار تهران,QZhEB96U
907,آبشار تهران,QZ7ZGWDm
907,آبشار تهران,QZgFFUsc
907,آبشار تهران,QZrlSdiQ
907,آبشار تهران,QZvhxbsc
907,آبشار تهران,QZfVBII_
907,آبشار تهران,QZ658W4k
907,آبشار تهران,QZ6dM2bk
907,آبشار تهران,QZxc0Uj8
907,آبشار تهران,QZ6FsFKs
907,آبشار تهران,QZElJtLg
907,آبشار تهران,QZ6RLWqa
907,آبشار تهران,QZ6p6WKN
907,آبشار تهران,QZ0disl7
907,آبشار تهران,QZ6hakPe
907,آبشار تهران,QZfFB_fy
907,آبشار تهران,QZSVj_gR
907,آبشار تهران,QZRNssZQ
907,آبشار تهران,QZ65QINF
907,آبشار تهران,QZ5N_-LP
907,آبشار تهران,QZ5tMhZw
907,آبشار تهران,QZ41mKLx
907,آبشار تهران,QZfxQFZN
907,آبشار تهران,QZ596F3w
907,آبشار تهران,QZ5h4Zd0
907,آبشار تهران,QZ2JeTIt
907,آبشار تهران,QZ5h3Rz4
907,آبشار تهران,QZldaNHg
907,آبشار تهران,QZ5dWMV4
907,آبشار تهران,QZ5Z2JGQ
907,آبشار تهران,QZ5lFN7i
907,آبشار تهران,QZ5llAil
907,آبشار تهران,QZ5VF5HQ
907,آبشار تهران,QZf1B84h
907,آبشار تهران,QZ59Ez4B
907,آبشار تهران,QZxRYoT3
907,آبشار تهران,QZ4BKvOC
907,آبشار تهران,QZnl56l6
907,آبشار تهران,QZ49Yk8g
907,آبشار تهران,QZ45H4AE
907,آبشار تهران,QZ4RHYd_
907,آبشار تهران,QZ45my07
907,آبشار تهران,QZ4lG7LT
907,آبشار تهران,QZ4pVE1j
907,آبشار تهران,QZ4NFNy6
907,آبشار تهران,QZ4FVtrn
907,آبشار تهران,QZttXaS8
907,آبشار تهران,QZ4xSTUb
907,آبشار تهران,QZ4pyPBi
907,آبشار تهران,QZ49RsvY
907,آبشار تهران,QZ4JxRoR
907,آبشار تهران,QZ4lgPP_
907,آبشار تهران,QZ4VwQ3B
907,آبشار تهران,QZsFsrzP
907,آبشار تهران,QZ3d2KGI
907,آبشار تهران,QZ3Zi3uP
907,آبشار تهران,QZ3ZxLwz
907,آبشار تهران,QZ2lfsbx
907,آبشار تهران,QZ3xgaiN
907,آبشار تهران,QZs9LS7Q
907,آبشار تهران,QZiNv9O4
907,آبشار تهران,QZ2BMrFP
907,آبشار تهران,QZ2xLD75
907,آبشار تهران,QZoFbyok
907,آبشار تهران,QZ01RVeH
907,آبشار تهران,QZ2VaolK
907,آبشار تهران,QZ2RK8gD
907,آبشار تهران,QZ11vx6Y
907,آبشار تهران,QZ1R_h_s
907,آبشار تهران,QZ1VeoPh
907,آبشار تهران,QZ118zTc
907,آبشار تهران,QZ1lMy6-
907,آبشار تهران,QZq9Nm3o
907,آبشار تهران,QZ1lbAAl
907,آبشار تهران,QZ1ppgoj
907,آبشار تهران,QZftqcim
907,آبشار تهران,QZ1RI9hq
907,آبشار تهران,QZ0NwZxS
907,آبشار تهران,QZ1d2n6L
907,آبشار تهران,QZotfLVp
907,آبشار تهران,QZzFx9ZO
907,آبشار تهران,QZQ5mQap
907,آبشار تهران,QZ0NMwjM
907,آبشار تهران,QZwhBXsR
907,آبشار تهران,QZ0xnaaH
907,آبشار تهران,QZl1Xs0-
907,آبشار تهران,QZ0l25JI
907,آبشار تهران,QZ0FGhui
907,آبشار تهران,QZ01CVWX
907,آبشار تهران,QZ05RccG
907,آبشار تهران,QZ0tQpy6
907,آبشار تهران,QZ0RQd_M
907,آبشار تهران,QZghzLNC
907,آبشار تهران,QZzd4GyS
907,آبشار تهران,QZLthHpd
907,آبشار تهران,QZzhj-6t
907,آبشار تهران,QZzVzqqf
907,آبشار تهران,QZzByWHD
907,آبشار تهران,QZy98nEt
907,آبشار تهران,QZeFPG0i
907,آبشار تهران,QZyFy5QW
907,آبشار تهران,QZwBxawz
907,آبشار تهران,QZxxMVxs
907,آبشار تهران,QZjxlFZZ
907,آبشار تهران,QZxJMcDn
907,آبشار تهران,QZxVoK0u
907,آبشار تهران,QZMBZtsw
907,آبشار تهران,QZJVtPbq
907,آبشار تهران,QZIlIcI9
907,آبشار تهران,QZKhULeq
907,آبشار تهران,QZxZGzKM
907,آبشار تهران,QZLJKAYe
907,آبشار تهران,QZxBm5OR
907,آبشار تهران,QZwdsFOK
907,آبشار تهران,QZwRcFn6
907,آبشار تهران,QZdVuSoJ
907,آبشار تهران,QZkdItUH
907,آبشار تهران,QZL9F4Bu
907,آبشار تهران,QZo5adnE
907,آبشار تهران,QZw5U1AX
907,آبشار تهران,QZwBETZi
907,آبشار تهران,QZwxz16l
907,آبشار تهران,QZwFTp4-
907,آبشار تهران,QZwBTXKN
907,آبشار تهران,QZwNiFm1
907,آبشار تهران,QZw9BBqu
907,آبشار تهران,QZwpBhIJ
907,آبشار تهران,QZwFRKxF
907,آبشار تهران,QZvd36Qz
907,آبشار تهران,QZvJHjlJ
907,آبشار تهران,QZvVVi6d
907,آبشار تهران,QZvNCwOH
907,آبشار تهران,QZv9RnRu
907,آبشار تهران,QZuNeWwC
907,آبشار تهران,QZul9b8j
907,آبشار تهران,QZulNo2x
907,آبشار تهران,QZgl_-9U
907,آبشار تهران,QZuBN2sw
907,آبشار تهران,QZupMhnf
907,آبشار تهران,QZupcRpm
907,آبشار تهران,QZulL7tq
907,آبشار تهران,QZjBPQ9h
907,آبشار تهران,QZuNwqi5
907,آبشار تهران,QZtlO0GQ
907,آبشار تهران,QZtJtQPI
907,آبشار تهران,QZsxBrUh
907,آبشار تهران,QZtxY9XX
907,آبشار تهران,QZtZI3Bh
907,آبشار تهران,QZttHzap
907,آبشار تهران,QZkl5tgG
907,آبشار تهران,QZsR-uZM
907,آبشار تهران,QZs19-w7
907,آبشار تهران,QZsxdwCv
907,آبشار تهران,QZsx8QNS
907,آبشار تهران,QZsFK1kh
907,آبشار تهران,QZl1OaBm
907,آبشار تهران,QZsZmNrk
907,آبشار تهران,QZshlXNz
907,آبشار تهران,QZsNkgVM
907,آبشار تهران,QZsBjXoH
907,آبشار تهران,QZs1iFcJ
907,آبشار تهران,QZsJCWjO
907,آبشار تهران,QZsFC7Lt
907,آبشار تهران,QZsJRfXJ
907,آبشار تهران,QZs9AhFP
907,آبشار تهران,QZshQ5oY
907,آبشار تهران,QZrdV2N6
907,آبشار تهران,QZrhD10j
907,آبشار تهران,QZrhCZZu
907,آبشار تهران,QZqd-13E
907,آبشار تهران,QZqFeHkt
907,آبشار تهران,QZhRbEhz
907,آبشار تهران,QZq1MDHy
907,آبشار تهران,QZqlMdsW
907,آبشار تهران,QZqllzaQ
907,آبشار تهران,QZqdw4kJ
907,آبشار تهران,QZp1fnid
907,آبشار تهران,QZp5tuMo
907,آبشار تهران,QZnhXXLA
907,آبشار تهران,QZpRNB6v
907,آبشار تهران,QZpRs8kA
907,آبشار تهران,QZpJ52m7
907,آبشار تهران,QZpZoWEk
907,آبشار تهران,QZo9LWGl
907,آبشار تهران,QZo1rZmO
907,آبشار تهران,QZoxYQbg
907,آبشار تهران,QZopXhtR
907,آبشار تهران,QZo1jIAt
907,آبشار تهران,QZolj2Np
907,آبشار تهران,QZoth7nZ
907,آبشار تهران,QZnF099J
907,آبشار تهران,QZnJyje3
907,آبشار تهران,QZn1gfX5
907,آبشار تهران,QZl9cE0G
907,آبشار تهران,QZmlOYCM
907,آبشار تهران,QZmR-Hvh
907,آبشار تهران,QZmxdpjX
907,آبشار تهران,QZmdtn65
907,آبشار تهران,QZmtLG7e
907,آبشار تهران,QZmFAOey
907,آبشار تهران,QZldu3fM
907,آبشار تهران,QZfNIOi0
907,آبشار تهران,QZlhsp6T
907,آبشار تهران,QZltYlMX
907,آبشار تهران,QZlZoQaY
907,آبشار تهران,QZk5OF01
907,آبشار تهران,QZkhIT0p
907,آبشار تهران,QZkRYMPv
907,آبشار تهران,QZkNo864
907,آبشار تهران,QZk9Xpwe
907,آبشار تهران,QZkxH7tg
907,آبشار تهران,QZkxHQnB
907,آبشار تهران,QZkt3WPI
907,آبشار تهران,QZklnvrU
907,آبشار تهران,QZkhX14u
907,آبشار تهران,QZkpmg1h
907,آبشار تهران,QZkJ1cRs
907,آبشار تهران,QZkdkC04
907,آبشار تهران,QZk5TGi7
907,آبشار تهران,QZkNjVjT
907,آبشار تهران,QZjhK-tg
907,آبشار تهران,QZjpG4Gr
907,آبشار تهران,QZjZ05es
907,آبشار تهران,QZjdCJ3d
907,آبشار تهران,QZjBhm2w
907,آبشار تهران,QZi5-1qL
907,آبشار تهران,QZiV-9M1
907,آبشار تهران,QZiVt7gK
907,آبشار تهران,QZidBf09
907,آبشار تهران,QZhVP3Q3
907,آبشار تهران,QZh9e9I2
907,آبشار تهران,QZhR-Z-v
907,آبشار تهران,QZfRRVpq
907,آبشار تهران,QZhBddx5
907,آبشار تهران,QZh5MfxF
907,آبشار تهران,AZpkCazP
907,آبشار تهران,QZhhKz-3
907,آبشار تهران,QZhZ6nsf
907,آبشار تهران,QZgx-FDj
907,آبشار تهران,QZglOnEu
907,آبشار تهران,QZgdefiz
907,آبشار تهران,QZfN4iYL
907,آبشار تهران,QZfBGY4A
907,آبشار تهران,QZftyBob
907,آبشار تهران,QZf5x8pQ
907,آبشار تهران,QZfdhAyw
907,آبشار تهران,QZf9goXR
907,آبشار تهران,QZdBMlvm
907,آبشار تهران,QZLxyOwy
907,آبشار تهران,QZItOaZg
40,آجودانیه,QZ9ZILiL
654,آذربایجان,QZthKkqK
198,آذری,QZG64-_x
198,آذری,QZ6ZML-O
198,آذری,QZGmIYTj
198,آذری,QZGmYFAx
198,آذری,QZGGYEkD
198,آذری,QZG636a1
198,آذری,QZGuXqW-
198,آذری,QZrxT-QA
198,آذری,QZ0RmpZl
198,آذری,QZ3NGyxQ
198,آذری,QZq05vIY
198,آذری,QZttLzNd
198,آذری,QZshFwCi
198,آذری,QZFCp5N6
198,آذری,QZmROnm8
198,آذری,QZF2152d
198,آذری,QZFyn6xm
198,آذری,QZBmkDkf
198,آذری,QZyddr7U
198,آذری,QZAOz_xw
198,آذری,QZG9SL0P
198,آذری,QZv1i8jV
198,آذری,QZAGwzpP
198,آذری,QZuJdta8
198,آذری,QZF2EvtZ
198,آذری,QZFm0lCQ
198,آذری,QZECqIAR
198,آذری,QZEKlseI
198,آذری,QZESEAf8
198,آذری,QZklqbNL
198,آذری,QZECTFfl
198,آذری,QZEiyotJ
198,آذری,QZEqyIqa
198,آذری,QZEOR4Kq
198,آذری,QZBm05Tj
198,آذری,QZDGPwcm
198,آذری,QZDito8T
198,آذری,QZ3h13n6
198,آذری,QZ_VefB2
198,آذری,QZC-fuGr
198,آذری,QZC2fqlv
198,آذری,QZCmvB0-
198,آذری,QZCe-nTY
198,آذری,QZ4RF8-I
198,آذری,QZxZogwT
198,آذری,QZ2FavL9
198,آذری,QZAqDd5L
198,آذری,QZC64b3x
198,آذری,QZCmYXZK
198,آذری,QZCCw02K
198,آذری,QZ25AV75
198,آذری,QZBacg9q
198,آذری,QZ5x9sou
198,آذری,QZBG8efG
198,آذری,QZBCsfGo
198,آذری,QZAuijVG
198,آذری,QZBmqqC0
198,آذری,QZ19rv6T
198,آذری,QZBaq5T4
198,آذری,QZBaaUpS
198,آذری,QZBSK38S
198,آذری,QZ4h4LN7
198,آذری,QZwZyh0V
198,آذری,QZrZDUCa
198,آذری,QZ_5ANk4
198,آذری,QZt9unue
198,آذری,QZAeJWDW
198,آذری,QZA64bFk
198,آذری,QZA2lnla
198,آذری,QZA2Fc7E
198,آذری,QZ2VMBRP
198,آذری,QZVwK_6_
198,آذری,QZuRMtvb
198,آذری,QZ0Vn4L8
198,آذری,QZ0F5Lce
198,آذری,QZqxPqxH
198,آذری,QZ_99WM6
198,آذری,QZ_JBRYy
198,آذری,QZ5Z4slx
198,آذری,QZ_Vw8WD
198,آذری,QZ11890E
198,آذری,QZsN4FrD
198,آذری,QZ1hudCw
198,آذری,QZsB4wyh
198,آذری,QZ9xcbL7
198,آذری,QZy1ckzb
198,آذری,QZ9ZfBs8
198,آذری,QZJxTIPL
198,آذری,QZytOvXE
198,آذری,QZ1lOg1R
198,آذری,QZ4lUPUN
198,آذری,QZ9VHS4I
198,آذری,QZ9hZ5XW
198,آذری,QZ9JZCGT
198,آذری,QZ95o06Z
198,آذری,QZtRJZHI
198,آذری,QZjBA3hq
198,آذری,QZNtOeIl
198,آذری,QZ9hGRxN
198,آذری,QZqBA1aU
198,آذری,QZ9kQBO1
198,آذری,QZxZX_Ph
198,آذری,QZ5xs8_s
198,آذری,QZ89H583
198,آذری,QZ81ATIu
198,آذری,QZ7x2ezb
198,آذری,QZ7RyT85
198,آذری,QZ5Z6_y2
198,آذری,QZ7ZQIh1
198,آذری,QZ6JdtK2
198,آذری,QZ6hv5O-
198,آذری,QZ6dcrrJ
198,آذری,QZ6hdQ7A
198,آذری,QZ09FTYb
198,آذری,QZ5d-GsA
198,آذری,QZ6VamIj
198,آذری,QZ69J0zn
198,آذری,QZ6BAaTb
198,آذری,QZ6hx7EH
198,آذری,QZ09XCTZ
198,آذری,QZ2xR87y
198,آذری,QZ5Nti-E
198,آذری,QZ5BN9Km
198,آذری,QZ5F7Xcc
198,آذری,QZ4Bj9NC
198,آذری,QZsJJTlz
198,آذری,QZ5JZrRW
198,آذری,QZ2dqlDi
198,آذری,QZ5N3Qht
198,آذری,QZ5pkiY0
198,آذری,QZ4VM4Un
198,آذری,QZ4J67Y-
198,آذری,QZwhNfGb
198,آذری,QZ4F1Eqx
198,آذری,QZ2R8fgN
198,آذری,QZxRbQKD
198,آذری,QZj9yy3H
198,آذری,QZ4JxwrX
198,آذری,QZ31O8k2
198,آذری,QZ3tVJZN
198,آذری,QZxV6GAl
198,آذری,QZwFIqmc
198,آذری,QZ2lvAry
198,آذری,QZhlfLUg
198,آذری,QZ2hs0Mp
198,آذری,QZ2dse4e
198,آذری,QZ0VYKfv
198,آذری,QZ1NsehO
198,آذری,QZ29g32R
198,آذری,QZ2NwWbf
198,آذری,QZrBDdCW
198,آذری,QZ1p9KMM
198,آذری,QZyZNrtX
198,آذری,QZ15MW7c
198,آذری,QZsxBAOd
198,آذری,QZ1l8jzD
198,آذری,QZ1Zs2gV
198,آذری,QZ1Ns8-m
198,آذری,QZ1NMM4g
198,آذری,QZ1FccJH
198,آذری,QZ11LTAt
198,آذری,QZ155hdp
198,آذری,QZ1tbSsi
198,آذری,QZ1ZLyly
198,آذری,QZ1pKGil
198,آذری,QZ1R6Ogt
198,آذری,QZ15JUg_
198,آذری,QZmBvKg1
198,آذری,QZ19YYBU
198,آذری,QZ1dIw8f
198,آذری,QZ1hX1xd
198,آذری,QZupNgQE
198,آذری,QZ1tFtoD
198,آذری,QZ0Naf5W
198,آذری,QZ0R6nDJ
198,آذری,QZ0J6FJl
198,آذری,QZ0lZ40Z
198,آذری,QZ0BpHzD
198,آذری,QZ09YjA-
198,آذری,QZ0NYNuR
198,آذری,QZuxdfJj
198,آذری,QZxtK1i5
198,آذری,QZ0hmZ1c
198,آذری,QZ0dmOck
198,آذری,QZthtpQn
198,آذری,QZ05TZ6a
198,آذری,QZ0NjW3_
198,آذری,QZ0ZChwc
198,آذری,QZ01yWE-
198,آذری,QZk11XlW
198,آذری,QZ0dxOsN
198,آذری,QZzlXgx5
198,آذری,QZx9YEiP
198,آذری,QZzJCTtw
198,آذری,QZtF6WFs
198,آذری,QZxVuFVz
198,آذری,QZjFLUHV
198,آذری,QZx973vv
198,آذری,QZl95fne
198,آذری,QZxVLne8
198,آذری,QZLtF4Ik
198,آذری,QZxdY45h
198,آذری,QZwdLNpv
198,آذری,QZJlygFd
198,آذری,QZkhtktw
198,آذری,QZnJW4mQ
198,آذری,QZwdHRZb
198,آذری,QZj1hlCN
198,آذری,QZw1iyLK
198,آذری,QZwliAnP
198,آذری,QZvBFtOi
198,آذری,QZsJXplI
198,آذری,QZv10GQy
198,آذری,QZvp0V5q
198,آذری,QZv9jzPP
198,آذری,QZvpzAmk
198,آذری,QZuR_8v3
198,آذری,QZuFeiRV
198,آذری,QZuBddTb
198,آذری,QZtduePu
198,آذری,QZthaQaI
198,آذری,QZelx0dT
198,آذری,QZt9ZYnR
198,آذری,QZtpZw-7
198,آذری,QZtR5c1-
198,آذری,QZtpIU7W
198,آذری,QZtdn9pQ
198,آذری,QZsN8EDc
198,آذری,QZs9qcQP
198,آذری,QZoBK3VJ
198,آذری,QZoZav47
198,آذری,QZsRokja
198,آذری,QZolFIrr
198,آذری,QZsF0HEm
198,آذری,QZs1Trst
198,آذری,QZi1-s7M
198,آذری,QZsRjzf0
198,آذری,QZkp3HSo
198,آذری,QZfdQu6g
198,آذری,QZmpABHW
198,آذری,QZDVKS1g
198,آذری,QZrtUmQ2
198,آذری,QZr1zxEG
198,آذری,QZrRDEid
198,آذری,QZd9sZXs
198,آذری,QZpJa2mb
198,آذری,QZ9sR6m0
198,آذری,QZnpVPj5
198,آذری,QZqZ1xeO
198,آذری,QZpJuXzr
198,آذری,QZp5b6kR
198,آذری,QZpVbGbo
198,آذری,QZpVrSRj
198,آذری,QZgl1FIr
198,آذری,QZddLRSn
198,آذری,QZo58JgI
198,آذری,QZoFam6l
198,آذری,QZnhJH7v
198,آذری,QZn91tnv
198,آذری,QZkR6M54
198,آذری,QZnVDAjC
198,آذری,QZhVLfg0
198,آذری,QZmpCrUb
198,آذری,QZmZBe9N
198,آذری,QZlZPTvP
198,آذری,QZl186IQ
198,آذری,QZltcxbi
198,آذری,QZlp68az
198,آذری,QZkFrhjW
198,آذری,QZjhyQ08
198,آذری,QZkZJLVG
198,آذری,QZkFYgdg
198,آذری,QZi5wsmn
198,آذری,QZktWfIP
198,آذری,QZkFWY24
198,آذری,QZ-AQpSm
198,آذری,QZjhpDAz
198,آذری,QZj5IAXp
198,آذری,QZjp2ffk
198,آذری,QZjdSeaw
198,آذری,QZjJzWSM
198,آذری,QZjhg9ZL
198,آذری,QZitPaGR
198,آذری,QZiVv_Ai
198,آذری,QZiN_q0-
198,آذری,QZild3EE
198,آذری,QZiFCE77
198,آذری,QZiNxgdN
198,آذری,QZiFB3DC
198,آذری,QZiFQj2O
198,آذری,QZfBQiKR
198,آذری,QZhZJ3VL
198,آذری,QZhRxpQh
198,آذری,QZg5_yAx
198,آذری,QZg10aJ-
198,آذری,QZfF2EUo
198,آذری,QZfZ036n
198,آذری,QZfZERwY
198,آذری,QZfdB_Bu
198,آذری,QZfRwhkL
198,آذری,QZfJgH66
198,آذری,QZfBgqkE
198,آذری,QZe5_yHN
198,آذری,QZeBDHUX
198,آذری,QZeFwpnX
198,آذری,QZeFwl3e
198,آذری,QZd5vQ08
198,آذری,QZdtuMVj
198,آذری,QZdB-LbI
198,آذری,QZdJMg4w
198,آذری,QZdlbIbH
198,آذری,QZRtBE2a
87,آرارات,AZsX0-UP
87,آرارات,QZFeU7Xg
87,آرارات,gYqzqbqK
87,آرارات,QZEyj7Ps
87,آرارات,QZs1YgoM
87,آرارات,QZC2NF-4
87,آرارات,QZ2xe8yN
87,آرارات,QZAmWijO
87,آرارات,QZAiFaAT
87,آرارات,QZnVUbFG
87,آرارات,QZs5Tl7w
87,آرارات,QZ_N_0vW
87,آرارات,QZ-N-L0H
87,آرارات,QZ9xfNDO
87,آرارات,QZ5NVujw
87,آرارات,QZ4lQcQ8
87,آرارات,QZ4hQves
87,آرارات,QZ0BmHV7
87,آرارات,QZztws8j
87,آرارات,QZ0tCrOI
87,آرارات,QZyJtjn7
87,آرارات,QZxxOr0c
87,آرارات,QZrhRmmv
87,آرارات,QZq5v_TC
87,آرارات,QZqx_dhO
87,آرارات,QZmhF35K
87,آرارات,QZi5j7nK
87,آرارات,QZdRcioH
301,آرژانتین,QZFOd88b
301,آرژانتین,QZFSNdmI
301,آرژانتین,QZYFK0ls
301,آرژانتین,QZ0Ri1ix
301,آرژانتین,QZFCpbcK
301,آرژانتین,QZFiDZ-p
301,آرژانتین,QZll73b7
301,آرژانتین,QZMhtuN7
301,آرژانتین,QZDWePfg
301,آرژانتین,QZDWCREa
301,آرژانتین,QZblCX7x
301,آرژانتین,QZCq7R_e
301,آرژانتین,QZfxxjnS
301,آرژانتین,QZCGp_g-
301,آرژانتین,QZqptZDG
301,آرژانتین,QZ8hUlcc
301,آرژانتین,QZA2y1L6
301,آرژانتین,QZ4tYy9G
301,آرژانتین,QZACyzF6
301,آرژانتین,QZAqhOD_
301,آرژانتین,QZA2g2Ku
301,آرژانتین,QZwx3EJC
301,آرژانتین,QZ_FOTxN
301,آرژانتین,QZ9VNz-d
301,آرژانتین,QZ1BYw8g
301,آرژانتین,QZ5B43K2
301,آرژانتین,QZ9J31HC
301,آرژانتین,QZlhbUOu
301,آرژانتین,QZ8NiD3-
301,آرژانتین,QZ8twqkK
301,آرژانتین,QZ11LKzF
301,آرژانتین,QZ6JMIWN
301,آرژانتین,QZ2dcr1W
301,آرژانتین,QZrdBmHp
301,آرژانتین,QZi1QxN7
301,آرژانتین,QZqpf9dl
301,آرژانتین,QZ5JS3SY
301,آرژانتین,QZ4pSiY6
301,آرژانتین,QZ3hQGRV
301,آرژانتین,QZ2V9m6m
301,آرژانتین,QZ1NolOV
301,آرژانتین,QZz1QR5B
301,آرژانتین,QZkVUpXM
301,آرژانتین,QZwV_dlQ
301,آرژانتین,QZvZi-WM
301,آرژانتین,QZr9QV5J
301,آرژانتین,QZpZ9_Jm
301,آرژانتین,QZt96xD_
301,آرژانتین,QZsVTCuk
301,آرژانتین,QZjlWWsG
301,آرژانتین,QZoNDGuo
301,آرژانتین,QZlF7S6I
301,آرژانتین,QZlJ9rHu
301,آرژانتین,QZkFGWIt
301,آرژانتین,QZkBFM3g
301,آرژانتین,QZjdWnLY
301,آرژانتین,QZjhAohZ
301,آرژانتین,QZi5-Rzi
301,آرژانتین,QZip0tzW
301,آرژانتین,QZglP4VK
301,آرژانتین,QZddNrus
301,آرژانتین,QZdFdzVQ
925,آسمان,QZFCuCcU
925,آسمان,QZpZrqdM
925,آسمان,QZBaj9to
925,آسمان,QZFWTqb5
925,آسمان,QZC6dT08
951,آشتیانی,QZG6XXDY
951,آشتیانی,QZ5FZEUI
951,آشتیانی,QZAGW0XZ
951,آشتیانی,QZF6V32L
951,آشتیانی,QZ1BOe3L
951,آشتیانی,QZEiYlZD
951,آشتیانی,QZECQdxT
273,آهنگ,QZG6Y-4H
273,آهنگ,QZGq40XM
273,آهنگ,QZBuUFm4
273,آهنگ,QZBq1uOV
273,آهنگ,QZsR05VG
273,آهنگ,QZGS4o6C
273,آهنگ,QZ4twDSu
